annees	O2_fraction	CO2_Pa	CH4_ppb	pression_Pa	temperature_K	glace	ocean	biomasse_molC	lignees	guildes	etape_photosynthese	O2_production	O2_liberation	O2_puits	enfouissement_C	accelerateur
0	0.0000e0	1.4997e4	0.0000e0	2.1500e5	287.90	0.007	0.717	-0.0000e0	0	0	0	0.000e0	0.000e0	0.000e0	0.000e0	0
1000000	0.0000e0	1.8993e4	8.1288e4	2.2079e5	290.47	0.008	0.715	1.7875e9	342	21	3	0.000e0	0.000e0	0.000e0	7.567e8	0
2000000	0.0000e0	1.4530e4	1.7708e6	2.1454e5	294.01	0.008	0.713	1.8212e10	1286	52	3	0.000e0	0.000e0	0.000e0	5.825e10	0
3000000	0.0000e0	1.3636e4	6.6544e5	2.1309e5	293.04	0.008	0.710	7.5647e9	3340	83	3	0.000e0	0.000e0	0.000e0	2.490e10	0
4000000	0.0000e0	1.3420e4	2.4267e5	2.1272e5	291.79	0.009	0.708	3.3512e10	6223	92	4	0.000e0	0.000e0	0.000e0	1.406e10	0
5000000	0.0000e0	1.4283e4	3.3437e5	2.1400e5	291.64	0.009	0.706	6.1325e12	5524	90	4	6.657e-6	0.000e0	0.000e0	9.438e11	0
6000000	0.0000e0	9.0975e3	5.2109e6	2.0691e5	292.84	0.009	0.703	1.1922e14	4495	108	3	0.000e0	0.000e0	0.000e0	1.526e13	0
7000000	0.0000e0	3.9200e3	1.0559e7	1.9965e5	289.19	0.009	0.702	2.5512e14	4311	124	3	0.000e0	0.000e0	0.000e0	3.059e13	0
8000000	0.0000e0	4.5481e3	8.4254e6	2.0037e5	288.59	0.010	0.700	2.3837e14	5397	125	3	0.000e0	0.000e0	0.000e0	2.371e13	0
9000000	0.0000e0	5.6707e3	6.8406e6	2.0191e5	290.59	0.010	0.698	1.9202e14	5551	124	3	0.000e0	0.000e0	0.000e0	1.948e13	0
10000000	0.0000e0	5.1862e3	7.4990e6	2.0124e5	289.86	0.010	0.696	1.5669e14	5628	123	3	2.289e0	0.000e0	0.000e0	2.109e13	0
11000000	0.0000e0	4.8998e3	8.0785e6	2.0087e5	289.78	0.011	0.694	1.3629e14	6370	123	4	6.827e-1	0.000e0	0.000e0	2.293e13	0
12000000	0.0000e0	4.3432e3	8.8514e6	2.0010e5	289.05	0.011	0.692	1.1451e14	6854	121	4	1.743e-1	0.000e0	0.000e0	2.491e13	0
13000000	0.0000e0	4.9293e3	7.4721e6	2.0084e5	289.39	0.012	0.690	9.1071e13	7686	131	4	2.246e-1	0.000e0	0.000e0	2.102e13	0
14000000	0.0000e0	7.1214e3	3.5362e6	2.0372e5	290.82	0.012	0.687	6.3640e13	8518	132	4	4.447e0	0.000e0	0.000e0	9.748e12	0
15000000	0.0000e0	8.9357e3	2.2199e6	2.0630e5	291.62	0.011	0.685	4.1519e13	9131	136	4	2.335e1	0.000e0	0.000e0	4.350e12	0
16000000	0.0000e0	1.0570e4	5.4821e5	2.0854e5	291.41	0.011	0.683	2.3764e13	9617	132	4	2.964e1	0.000e0	0.000e0	1.543e12	0
17000000	0.0000e0	1.2729e4	1.0768e5	2.1169e5	290.72	0.012	0.681	1.2143e13	10211	135	4	3.607e1	0.000e0	0.000e0	3.030e11	0
18000000	0.0000e0	1.4380e4	5.4304e4	2.1410e5	290.83	0.012	0.679	6.1437e12	10832	132	4	1.640e1	0.000e0	0.000e0	1.528e11	0
19000000	0.0000e0	1.4572e4	5.5839e4	2.1438e5	290.98	0.011	0.676	3.5401e12	11346	136	4	9.703e1	0.000e0	0.000e0	1.574e11	0
20000000	0.0000e0	1.4432e4	2.8386e4	2.1417e5	290.49	0.011	0.674	2.1160e12	11688	136	4	2.662e1	0.000e0	0.000e0	7.987e10	0
21000000	0.0000e0	1.4135e4	2.0812e4	2.1374e5	290.66	0.012	0.671	1.1792e12	12250	134	4	8.560e0	0.000e0	0.000e0	4.788e10	0
22000000	0.0000e0	1.4375e4	2.3423e4	2.1409e5	290.76	0.011	0.669	6.5738e11	12712	137	4	6.813e0	0.000e0	0.000e0	3.225e10	0
23000000	0.0000e0	1.4141e4	4.7129e4	2.1375e5	291.22	0.011	0.668	3.8387e11	12336	140	4	3.579e1	0.000e0	0.000e0	2.819e10	0
24000000	0.0000e0	1.3894e4	1.6823e5	2.1340e5	291.71	0.011	0.665	2.3726e11	10646	137	4	1.169e3	0.000e0	0.000e0	3.635e10	0
25000000	0.0000e0	1.3821e4	3.7214e4	2.1328e5	289.80	0.012	0.662	1.5419e11	11065	132	4	1.414e6	0.000e0	0.000e0	1.323e10	0
26000000	0.0000e0	1.3154e4	3.1123e4	2.1230e5	290.26	0.012	0.659	1.1007e11	12142	136	4	2.309e6	0.000e0	0.000e0	1.988e10	0
27000000	0.0000e0	1.3458e4	9.3612e4	2.1276e5	291.37	0.012	0.657	8.3702e10	10732	138	4	2.605e6	0.000e0	0.000e0	1.629e10	0
28000000	0.0000e0	1.4044e4	7.9116e4	2.1361e5	290.26	0.012	0.655	8.5252e10	10165	133	4	5.615e6	0.000e0	0.000e0	1.685e10	0
29000000	0.0000e0	1.3853e4	2.1877e4	2.1333e5	290.17	0.012	0.652	7.2219e10	12837	157	4	4.906e7	0.000e0	0.000e0	1.157e10	0
30000000	0.0000e0	1.3503e4	5.4122e4	2.1282e5	290.95	0.012	0.651	5.9072e10	12608	160	4	2.052e9	0.000e0	0.000e0	1.155e10	0
31000000	0.0000e0	1.3625e4	7.3394e4	2.1300e5	290.63	0.012	0.648	5.4267e10	10774	163	4	2.021e11	0.000e0	0.000e0	1.158e10	0
32000000	0.0000e0	1.3625e4	2.9850e4	2.1299e5	289.88	0.012	0.647	7.0244e10	10586	169	4	4.802e11	0.000e0	0.000e0	1.451e10	0
33000000	0.0000e0	1.3279e4	3.9390e4	2.1248e5	290.35	0.012	0.644	8.8418e10	11200	177	4	8.526e11	9.479e10	9.479e10	2.083e10	0
34000000	0.0000e0	1.3241e4	6.7068e4	2.1243e5	290.75	0.012	0.642	9.3356e10	8387	172	4	1.342e12	0.000e0	0.000e0	2.261e10	0
35000000	0.0000e0	1.3280e4	5.4490e4	2.1249e5	289.97	0.012	0.641	1.2839e11	9195	189	4	4.662e12	0.000e0	0.000e0	4.225e10	0
36000000	0.0000e0	1.3743e4	4.7668e4	2.1317e5	290.13	0.012	0.696	5.4276e11	9656	201	4	5.257e13	3.280e12	3.280e12	1.897e11	0
37000000	7.3820e-5	1.6632e4	1.8897e4	2.1739e5	290.67	0.012	0.749	5.4623e12	11322	214	4	4.947e14	3.987e13	3.977e13	1.911e12	0
38000000	0.0000e0	2.2256e4	-0.0000e0	2.2544e5	289.53	0.012	0.804	2.3927e13	5255	201	4	1.344e15	0.000e0	8.431e6	2.263e5	0
39000000	8.7286e-4	2.7605e4	2.5411e3	2.3318e5	292.14	0.012	0.860	6.6077e13	5082	204	4	2.413e15	1.005e14	9.937e13	6.077e12	0
40000000	4.2757e-3	3.4876e4	3.3469e3	2.4407e5	293.59	0.012	0.882	1.0766e14	5290	199	4	2.881e15	1.864e14	1.879e14	5.038e12	0
41000000	5.8771e-3	4.2670e4	1.7346e3	2.5505e5	294.89	0.012	0.906	1.3435e14	5337	203	4	3.062e15	2.592e14	2.583e14	6.557e12	0
42000000	1.2090e-2	5.1148e4	1.2386e3	2.6803e5	296.22	0.012	0.922	1.5775e14	4735	196	4	3.857e15	4.457e14	4.404e14	1.000e13	0
43000000	1.9942e-2	5.9968e4	8.2659e2	2.8185e5	297.36	0.012	0.933	1.9816e14	4560	209	4	5.200e15	6.122e14	6.048e14	1.317e13	0
44000000	3.5659e-2	6.6979e4	5.1248e2	2.9573e5	298.22	0.012	0.944	2.4968e14	4556	199	4	5.460e15	7.731e14	7.623e14	1.602e13	0
45000000	5.3147e-2	7.4037e4	3.7652e2	3.1054e5	299.03	0.012	0.949	2.8931e14	4438	206	4	6.235e15	8.452e14	8.340e14	1.723e13	0
46000000	7.1741e-2	8.0714e4	2.8044e2	3.2562e5	299.76	0.012	0.954	3.2353e14	4317	196	4	7.089e15	9.628e14	9.473e14	1.946e13	0
47000000	9.1900e-2	8.8149e4	2.1279e2	3.4277e5	300.54	0.012	0.960	3.5054e14	4179	196	4	7.397e15	1.028e15	1.013e15	2.073e13	0
48000000	1.1055e-1	9.5465e4	2.0007e2	3.5977e5	301.31	0.012	0.963	3.7444e14	4079	204	4	7.744e15	1.080e15	1.065e15	2.169e13	0
49000000	1.3067e-1	1.0276e5	1.7184e2	3.7794e5	301.96	0.012	0.973	4.0101e14	4093	214	4	8.428e15	1.130e15	1.111e15	2.259e13	0
50000000	1.4849e-1	1.1288e5	1.1227e2	3.9968e5	302.88	0.012	0.976	4.1678e14	4179	220	4	8.112e15	1.071e15	1.053e15	2.145e13	0
51000000	1.6397e-1	1.2296e5	1.1084e2	4.2092e5	303.75	0.012	0.979	4.2153e14	4394	224	4	7.999e15	1.079e15	1.062e15	2.157e13	0
52000000	1.7804e-1	1.3444e5	8.9435e1	4.4399e5	304.71	0.012	0.979	4.2178e14	4640	223	4	7.678e15	1.074e15	1.055e15	2.144e13	0
53000000	1.9143e-1	1.4562e5	6.4806e1	4.6686e5	305.59	0.012	0.979	4.1785e14	5004	241	4	7.631e15	1.038e15	1.021e15	2.078e13	0
54000000	2.0303e-1	1.5610e5	5.2276e1	4.8828e5	306.39	0.012	0.979	4.1221e14	5193	232	4	7.550e15	1.047e15	1.029e15	2.097e13	0
55000000	2.1333e-1	1.6658e5	4.4483e1	5.0938e5	307.14	0.012	0.979	4.0783e14	5445	247	4	7.518e15	1.024e15	1.006e15	2.050e13	0
56000000	2.2347e-1	1.7674e5	5.0356e1	5.3035e5	307.89	0.012	0.979	4.0866e14	5629	247	4	7.610e15	1.047e15	1.028e15	2.091e13	0
57000000	2.3380e-1	1.8542e5	3.7409e1	5.4977e5	308.49	0.012	0.980	4.1308e14	5622	258	4	7.800e15	1.058e15	1.040e15	2.118e13	0
58000000	2.4501e-1	1.9402e5	4.1592e1	5.7019e5	309.06	0.012	0.979	4.1667e14	5566	254	4	7.732e15	1.051e15	1.030e15	2.094e13	0
59000000	2.5451e-1	2.0264e5	2.9709e1	5.8985e5	309.58	0.012	0.979	4.1443e14	5608	242	4	7.654e15	1.017e15	9.995e14	2.035e13	0
60000000	2.5866e-1	2.1436e5	1.4651e1	6.1025e5	310.33	0.012	0.979	4.0873e14	5469	246	4	7.654e15	9.870e14	9.672e14	1.976e13	0
61000000	2.6751e-1	2.2122e5	1.4293e1	6.2751e5	310.80	0.012	0.979	4.1378e14	5465	246	4	8.002e15	1.043e15	1.024e15	2.093e13	0
62000000	2.7708e-1	2.2694e5	2.7492e1	6.4408e5	311.17	0.011	0.979	4.2740e14	5508	244	4	8.400e15	1.094e15	1.073e15	2.184e13	0
63000000	2.8733e-1	2.3175e5	3.6516e1	6.6027e5	311.47	0.011	0.979	4.4799e14	5619	236	4	9.020e15	1.183e15	1.163e15	2.363e13	0
64000000	2.9873e-1	2.3535e5	6.5802e1	6.7613e5	311.73	0.011	0.979	4.8040e14	5801	234	4	1.000e16	1.338e15	1.312e15	2.649e13	0
65000000	3.1317e-1	2.3596e5	9.9247e1	6.9077e5	311.85	0.011	0.979	5.2138e14	6072	248	4	1.085e16	1.499e15	1.471e15	2.951e13	0
66000000	3.2812e-1	2.3546e5	1.8010e2	7.0477e5	311.91	0.011	0.979	5.6575e14	6125	236	4	1.182e16	1.677e15	1.646e15	3.250e13	0
67000000	3.4464e-1	2.3267e5	1.2481e2	7.1734e5	311.70	0.011	0.978	6.0968e14	6470	242	4	1.266e16	1.800e15	1.770e15	3.537e13	0
68000000	3.6108e-1	2.2941e5	1.3210e2	7.2969e5	311.55	0.011	0.978	6.4993e14	6537	236	4	1.323e16	1.918e15	1.886e15	3.766e13	0
69000000	3.7846e-1	2.2435e5	1.1075e2	7.4069e5	311.27	0.011	0.978	6.7679e14	6858	240	4	1.341e16	1.995e15	1.961e15	3.930e13	0
70000000	3.9591e-1	2.1895e5	8.7712e1	7.5182e5	310.95	0.012	0.977	6.8884e14	7029	247	4	1.331e16	2.011e15	1.976e15	3.976e13	0
71000000	4.1269e-1	2.1358e5	7.7502e1	7.6283e5	310.56	0.012	0.977	6.9358e14	7297	250	4	1.341e16	2.022e15	1.987e15	4.003e13	0
72000000	4.2829e-1	2.0963e5	7.4655e1	7.7563e5	310.32	0.012	0.977	7.0709e14	7542	241	4	1.393e16	2.087e15	2.053e15	4.137e13	0
73000000	4.4410e-1	2.0511e5	7.4769e1	7.8836e5	310.04	0.012	0.977	7.2894e14	7763	258	4	1.429e16	2.160e15	2.124e15	4.279e13	0
74000000	4.5964e-1	2.0081e5	8.0921e1	8.0187e5	309.77	0.013	0.977	7.4755e14	8093	248	4	1.460e16	2.216e15	2.178e15	4.382e13	0
75000000	4.7503e-1	1.9640e5	6.6123e1	8.1576e5	309.47	0.013	0.978	7.6490e14	8307	266	4	1.481e16	2.265e15	2.226e15	4.491e13	0
76000000	4.8995e-1	1.9248e5	6.1521e1	8.3079e5	309.22	0.013	0.977	7.7893e14	8835	272	4	1.496e16	2.310e15	2.270e15	4.584e13	0
77000000	5.0508e-1	1.8760e5	5.6932e1	8.4500e5	308.88	0.013	0.978	7.9264e14	8874	255	4	1.519e16	2.350e15	2.309e15	4.664e13	0
78000000	5.1933e-1	1.8344e5	5.5971e1	8.6020e5	308.61	0.013	0.977	8.0599e14	9392	257	4	1.542e16	2.392e15	2.352e15	4.750e13	0
79000000	5.3349e-1	1.7868e5	4.9141e1	8.7482e5	308.29	0.013	0.977	8.1843e14	9824	267	4	1.562e16	2.422e15	2.381e15	4.816e13	0
80000000	5.4743e-1	1.7361e5	4.8056e1	8.8923e5	307.96	0.013	0.976	8.2966e14	10207	267	4	1.583e16	2.456e15	2.414e15	4.883e13	0
81000000	5.6131e-1	1.6809e5	4.3273e1	9.0337e5	307.56	0.014	0.976	8.3989e14	10728	262	4	1.600e16	2.487e15	2.446e15	4.951e13	0
82000000	5.7470e-1	1.6276e5	3.9979e1	9.1788e5	307.20	0.014	0.976	8.4893e14	11031	259	4	1.618e16	2.507e15	2.464e15	4.991e13	0
83000000	5.8847e-1	1.5638e5	3.7696e1	9.3148e5	306.76	0.013	0.976	8.5847e14	11287	261	4	1.633e16	2.533e15	2.490e15	5.044e13	0
84000000	6.0167e-1	1.5033e5	4.1027e1	9.4561e5	306.30	0.013	0.975	8.6725e14	11478	253	4	1.647e16	2.559e15	2.515e15	5.089e13	0
85000000	6.1450e-1	1.4438e5	3.5657e1	9.6010e5	305.87	0.013	0.975	8.7453e14	11679	255	4	1.660e16	2.571e15	2.525e15	5.115e13	0
86000000	6.2695e-1	1.3857e5	3.1533e1	9.7506e5	305.35	0.014	0.975	8.8019e14	11764	248	4	1.667e16	2.579e15	2.534e15	5.137e13	0
87000000	6.3800e-1	1.3439e5	3.6357e1	9.9210e5	305.03	0.014	0.975	8.8420e14	12004	249	4	1.676e16	2.603e15	2.557e15	5.176e13	0
88000000	6.4877e-1	1.3003e5	3.3660e1	1.0089e6	304.66	0.014	0.975	8.8779e14	12278	244	4	1.683e16	2.607e15	2.562e15	5.189e13	0
